{
    "name": "root",
    "metadata": {
        "timer_format_version": "0.1.0",
        "start_time_seconds": "1612516267",
        "python_version": "3.8.6 (tags/v3.8.6:db45529, Sep 23 2020, 15:52:53) [MSC v.1927 64 bit (AMD64)]",
        "command_line_arguments": "F:\\Unity\\PracticeProject1\\venv\\Scripts\\mlagents-learn --run-id=scoreGoal5",
        "mlagents_version": "0.23.0",
        "mlagents_envs_version": "0.23.0",
        "communication_protocol_version": "1.3.0",
        "pytorch_version": "1.7.1",
        "numpy_version": "1.18.5",
        "end_time_seconds": "1612516281"
    },
    "total": 14.058656599999999,
    "count": 1,
    "self": 0.002221699999999771,
    "children": {
        "run_training.setup": {
            "total": 0.006150299999999942,
            "count": 1,
            "self": 0.006150299999999942
        },
        "TrainerController.start_learning": {
            "total": 14.0502846,
            "count": 1,
            "self": 0.02526500000001164,
            "children": {
                "TrainerController._reset_env": {
                    "total": 3.2992854,
                    "count": 1,
                    "self": 3.2992854
                },
                "TrainerController.advance": {
                    "total": 10.659997899999988,
                    "count": 1531,
                    "self": 0.01063319999999024,
                    "children": {
                        "env_step": {
                            "total": 10.649364699999998,
                            "count": 1531,
                            "self": 9.281258000000015,
                            "children": {
                                "SubprocessEnvManager._take_step": {
                                    "total": 1.3562636000000037,
                                    "count": 1531,
                                    "self": 0.04676249999999804,
                                    "children": {
                                        "TorchPolicy.evaluate": {
                                            "total": 1.3095011000000056,
                                            "count": 1524,
                                            "self": 0.3058945000000124,
                                            "children": {
                                                "TorchPolicy.sample_actions": {
                                                    "total": 1.0036065999999932,
                                                    "count": 1524,
                                                    "self": 1.0036065999999932
                                                }
                                            }
                                        }
                                    }
                                },
                                "workers": {
                                    "total": 0.011843099999979678,
                                    "count": 1530,
                                    "self": 0.0,
                                    "children": {
                                        "worker_root": {
                                            "total": 10.650445600000015,
                                            "count": 1530,
                                            "is_parallel": true,
                                            "self": 2.1909986999999997,
                                            "children": {
                                                "steps_from_proto": {
                                                    "total": 0.00027700000000008274,
                                                    "count": 1,
                                                    "is_parallel": true,
                                                    "self": 0.00013759999999995998,
                                                    "children": {
                                                        "_process_vector_observation": {
                                                            "total": 0.00013940000000012276,
                                                            "count": 2,
                                                            "is_parallel": true,
                                                            "self": 0.00013940000000012276
                                                        }
                                                    }
                                                },
                                                "UnityEnvironment.step": {
                                                    "total": 8.459169900000015,
                                                    "count": 1530,
                                                    "is_parallel": true,
                                                    "self": 0.057767200000048646,
                                                    "children": {
                                                        "UnityEnvironment._generate_step_input": {
                                                            "total": 0.13343259999998258,
                                                            "count": 1530,
                                                            "is_parallel": true,
                                                            "self": 0.13343259999998258
                                                        },
                                                        "communicator.exchange": {
                                                            "total": 8.063448300000017,
                                                            "count": 1530,
                                                            "is_parallel": true,
                                                            "self": 8.063448300000017
                                                        },
                                                        "steps_from_proto": {
                                                            "total": 0.20452179999996556,
                                                            "count": 1530,
                                                            "is_parallel": true,
                                                            "self": 0.11931149999997182,
                                                            "children": {
                                                                "_process_vector_observation": {
                                                                    "total": 0.08521029999999374,
                                                                    "count": 3060,
                                                                    "is_parallel": true,
                                                                    "self": 0.08521029999999374
                                                                }
                                                            }
                                                        }
                                                    }
                                                }
                                            }
                                        }
                                    }
                                }
                            }
                        }
                    }
                },
                "trainer_threads": {
                    "total": 1.589999999929148e-05,
                    "count": 1,
                    "self": 1.589999999929148e-05,
                    "children": {
                        "thread_root": {
                            "total": 0.0,
                            "count": 0,
                            "is_parallel": true,
                            "self": 0.0,
                            "children": {
                                "trainer_advance": {
                                    "total": 10.677739599999995,