{
    "name": "root",
    "metadata": {
        "timer_format_version": "0.1.0",
        "start_time_seconds": "1612516627",
        "python_version": "3.8.6 (tags/v3.8.6:db45529, Sep 23 2020, 15:52:53) [MSC v.1927 64 bit (AMD64)]",
        "command_line_arguments": "F:\\Unity\\PracticeProject1\\venv\\Scripts\\mlagents-learn --run-id=scoreGoal7",
        "mlagents_version": "0.23.0",
        "mlagents_envs_version": "0.23.0",
        "communication_protocol_version": "1.3.0",
        "pytorch_version": "1.7.1",
        "numpy_version": "1.18.5",
        "end_time_seconds": "1612516650"
    },
    "total": 22.942549,
    "count": 1,
    "self": 0.002177599999996005,
    "children": {
        "run_training.setup": {
            "total": 0.006207700000000038,
            "count": 1,
            "self": 0.006207700000000038
        },
        "TrainerController.start_learning": {
            "total": 22.934163700000003,
            "count": 1,
            "self": 0.04288869999998113,
            "children": {
                "TrainerController._reset_env": {
                    "total": 3.2065571000000004,
                    "count": 1,
                    "self": 3.2065571000000004
                },
                "TrainerController.advance": {
                    "total": 19.60290660000002,
                    "count": 2544,
                    "self": 0.01899769999998213,
                    "children": {
                        "env_step": {
                            "total": 19.583908900000036,
                            "count": 2544,
                            "self": 17.202237299999968,
                            "children": {
                                "SubprocessEnvManager._take_step": {
                                    "total": 2.3594350000000457,
                                    "count": 2544,
                                    "self": 0.08011810000000308,
                                    "children": {
                                        "TorchPolicy.evaluate": {
                                            "total": 2.2793169000000426,
                                            "count": 2401,
                                            "self": 0.5324326000000079,
                                            "children": {
                                                "TorchPolicy.sample_actions": {
                                                    "total": 1.7468843000000347,
                                                    "count": 2401,
                                                    "self": 1.7468843000000347
                                                }
                                            }
                                        }
                                    }
                                },
                                "workers": {
                                    "total": 0.022236600000022477,
                                    "count": 2543,
                                    "self": 0.0,
                                    "children": {
                                        "worker_root": {
                                            "total": 19.592378399999976,
                                            "count": 2543,
                                            "is_parallel": true,
                                            "self": 3.8214718000000083,
                                            "children": {
                                                "steps_from_proto": {
                                                    "total": 0.0002665999999997837,
                                                    "count": 1,
                                                    "is_parallel": true,
                                                    "self": 0.00013569999999996085,
                                                    "children": {
                                                        "_process_vector_observation": {
                                                            "total": 0.00013089999999982282,
                                                            "count": 2,
                                                            "is_parallel": true,
                                                            "self": 0.00013089999999982282
                                                        }
                                                    }
                                                },
                                                "UnityEnvironment.step": {
                                                    "total": 15.770639999999968,
                                                    "count": 2543,
                                                    "is_parallel": true,
                                                    "self": 0.10413429999994328,
                                                    "children": {
                                                        "UnityEnvironment._generate_step_input": {
                                                            "total": 0.21180569999996068,
                                                            "count": 2543,
                                                            "is_parallel": true,
                                                            "self": 0.21180569999996068
                                                        },
                                                        "communicator.exchange": {
                                                            "total": 15.093147700000053,
                                                            "count": 2543,
                                                            "is_parallel": true,
                                                            "self": 15.093147700000053
                                                        },
                                                        "steps_from_proto": {
                                                            "total": 0.3615523000000125,
                                                            "count": 2543,
                                                            "is_parallel": true,
                                                            "self": 0.20602450000009176,
                                                            "children": {
                                                                "_process_vector_observation": {
                                                                    "total": 0.15552779999992072,
                                                                    "count": 5086,
                                                                    "is_parallel": true,
                                                                    "self": 0.15552779999992072
                                                                }
                                                            }
                                                        }
                                                    }
                                                }
                                            }
                                        }
                                    }
                                }
                            }
                        }
                    }
                },
                "trainer_threads": {
                    "total": 2.1600000000177033e-05,
                    "count": 1,
                    "self": 2.1600000000177033e-05,
                    "children": {
                        "thread_root": {
                            "total": 0.0,
                            "count": 0,
                            "is_parallel": true,
                            "self": 0.0,
                            "children": {
                                "trainer_advance": {
                                    "total": 19.631306299999967,