{
    "name": "root",
    "metadata": {
        "timer_format_version": "0.1.0",
        "start_time_seconds": "1616128436",
        "python_version": "3.8.6 (tags/v3.8.6:db45529, Sep 23 2020, 15:52:53) [MSC v.1927 64 bit (AMD64)]",
        "command_line_arguments": "F:\\Unity\\PracticeProject1\\venv\\Scripts\\mlagents-learn --run-id=RandomTest6",
        "mlagents_version": "0.23.0",
        "mlagents_envs_version": "0.23.0",
        "communication_protocol_version": "1.3.0",
        "pytorch_version": "1.7.1",
        "numpy_version": "1.18.5",
        "end_time_seconds": "1616128483"
    },
    "total": 47.0615491,
    "count": 1,
    "self": 0.0022577000000012504,
    "children": {
        "run_training.setup": {
            "total": 0.005275300000000094,
            "count": 1,
            "self": 0.005275300000000094
        },
        "TrainerController.start_learning": {
            "total": 47.0540161,
            "count": 1,
            "self": 0.07321490000008879,
            "children": {
                "TrainerController._reset_env": {
                    "total": 8.096414300000001,
                    "count": 1,
                    "self": 8.096414300000001
                },
                "TrainerController.advance": {
                    "total": 38.81054619999991,
                    "count": 5093,
                    "self": 0.03560849999974636,
                    "children": {
                        "env_step": {
                            "total": 38.774937700000166,
                            "count": 5093,
                            "self": 34.151805099999955,
                            "children": {
                                "SubprocessEnvManager._take_step": {
                                    "total": 4.5820789000000115,
                                    "count": 5093,
                                    "self": 0.15812809999982136,
                                    "children": {
                                        "TorchPolicy.evaluate": {
                                            "total": 4.42395080000019,
                                            "count": 5061,
                                            "self": 1.042434599999977,
                                            "children": {
                                                "TorchPolicy.sample_actions": {
                                                    "total": 3.3815162000002132,
                                                    "count": 5061,
                                                    "self": 3.3815162000002132
                                                }
                                            }
                                        }
                                    }
                                },
                                "workers": {
                                    "total": 0.041053700000198035,
                                    "count": 5092,
                                    "self": 0.0,
                                    "children": {
                                        "worker_root": {
                                            "total": 38.76309539999992,
                                            "count": 5092,
                                            "is_parallel": true,
                                            "self": 7.43728420000005,
                                            "children": {
                                                "steps_from_proto": {
                                                    "total": 0.00026860000000006323,
                                                    "count": 1,
                                                    "is_parallel": true,
                                                    "self": 0.00013180000000012626,
                                                    "children": {
                                                        "_process_vector_observation": {
                                                            "total": 0.00013679999999993697,
                                                            "count": 2,
                                                            "is_parallel": true,
                                                            "self": 0.00013679999999993697
                                                        }
                                                    }
                                                },
                                                "UnityEnvironment.step": {
                                                    "total": 31.32554259999987,
                                                    "count": 5092,
                                                    "is_parallel": true,
                                                    "self": 0.20270309999957448,
                                                    "children": {
                                                        "UnityEnvironment._generate_step_input": {
                                                            "total": 0.45309480000002544,
                                                            "count": 5092,
                                                            "is_parallel": true,
                                                            "self": 0.45309480000002544
                                                        },
                                                        "communicator.exchange": {
                                                            "total": 29.97250740000017,
                                                            "count": 5092,
                                                            "is_parallel": true,
                                                            "self": 29.97250740000017
                                                        },
                                                        "steps_from_proto": {
                                                            "total": 0.697237300000106,
                                                            "count": 5092,
                                                            "is_parallel": true,
                                                            "self": 0.40883319999985446,
                                                            "children": {
                                                                "_process_vector_observation": {
                                                                    "total": 0.2884041000002515,
                                                                    "count": 10184,
                                                                    "is_parallel": true,
                                                                    "self": 0.2884041000002515
                                                                }
                                                            }
                                                        }
                                                    }
                                                }
                                            }
                                        }
                                    }
                                }
                            }
                        }
                    }
                },
                "trainer_threads": {
                    "total": 1.3899999999011925e-05,
                    "count": 1,
                    "self": 1.3899999999011925e-05,
                    "children": {
                        "thread_root": {
                            "total": 0.0,
                            "count": 0,
                            "is_parallel": true,
                            "self": 0.0,
                            "children": {
                                "trainer_advance": {
                                    "total": 38.85225540000001,