{
    "name": "root",
    "metadata": {
        "timer_format_version": "0.1.0",
        "start_time_seconds": "1612516189",
        "python_version": "3.8.6 (tags/v3.8.6:db45529, Sep 23 2020, 15:52:53) [MSC v.1927 64 bit (AMD64)]",
        "command_line_arguments": "F:\\Unity\\PracticeProject1\\venv\\Scripts\\mlagents-learn --run-id=scoreGoal4",
        "mlagents_version": "0.23.0",
        "mlagents_envs_version": "0.23.0",
        "communication_protocol_version": "1.3.0",
        "pytorch_version": "1.7.1",
        "numpy_version": "1.18.5",
        "end_time_seconds": "1612516222"
    },
    "total": 32.853061,
    "count": 1,
    "self": 0.002510299999997301,
    "children": {
        "run_training.setup": {
            "total": 0.007539999999999991,
            "count": 1,
            "self": 0.007539999999999991
        },
        "TrainerController.start_learning": {
            "total": 32.8430107,
            "count": 1,
            "self": 0.06694959999996541,
            "children": {
                "TrainerController._reset_env": {
                    "total": 5.4533055,
                    "count": 1,
                    "self": 5.4533055
                },
                "TrainerController.advance": {
                    "total": 27.25902650000004,
                    "count": 4088,
                    "self": 0.025782099999958064,
                    "children": {
                        "env_step": {
                            "total": 27.233244400000082,
                            "count": 4088,
                            "self": 23.653030000000314,
                            "children": {
                                "SubprocessEnvManager._take_step": {
                                    "total": 3.54810309999991,
                                    "count": 4088,
                                    "self": 0.12337529999982166,
                                    "children": {
                                        "TorchPolicy.evaluate": {
                                            "total": 3.4247278000000883,
                                            "count": 4071,
                                            "self": 0.8089286000000895,
                                            "children": {
                                                "TorchPolicy.sample_actions": {
                                                    "total": 2.6157991999999988,
                                                    "count": 4071,
                                                    "self": 2.6157991999999988
                                                }
                                            }
                                        }
                                    }
                                },
                                "workers": {
                                    "total": 0.032111299999860066,
                                    "count": 4087,
                                    "self": 0.0,
                                    "children": {
                                        "worker_root": {
                                            "total": 27.24022990000018,
                                            "count": 4087,
                                            "is_parallel": true,
                                            "self": 5.73620870000024,
                                            "children": {
                                                "steps_from_proto": {
                                                    "total": 0.00026779999999959614,
                                                    "count": 1,
                                                    "is_parallel": true,
                                                    "self": 0.0001289999999993796,
                                                    "children": {
                                                        "_process_vector_observation": {
                                                            "total": 0.00013880000000021653,
                                                            "count": 2,
                                                            "is_parallel": true,
                                                            "self": 0.00013880000000021653
                                                        }
                                                    }
                                                },
                                                "UnityEnvironment.step": {
                                                    "total": 21.50375339999994,
                                                    "count": 4087,
                                                    "is_parallel": true,
                                                    "self": 0.1574431000002292,
                                                    "children": {
                                                        "UnityEnvironment._generate_step_input": {
                                                            "total": 0.34257309999985974,
                                                            "count": 4087,
                                                            "is_parallel": true,
                                                            "self": 0.34257309999985974
                                                        },
                                                        "communicator.exchange": {
                                                            "total": 20.472267799999887,
                                                            "count": 4087,
                                                            "is_parallel": true,
                                                            "self": 20.472267799999887
                                                        },
                                                        "steps_from_proto": {
                                                            "total": 0.5314693999999633,
                                                            "count": 4087,
                                                            "is_parallel": true,
                                                            "self": 0.3124559999999885,
                                                            "children": {
                                                                "_process_vector_observation": {
                                                                    "total": 0.21901339999997482,
                                                                    "count": 8174,
                                                                    "is_parallel": true,
                                                                    "self": 0.21901339999997482
                                                                }
                                                            }
                                                        }
                                                    }
                                                }
                                            }
                                        }
                                    }
                                }
                            }
                        }
                    }
                },
                "trainer_threads": {
                    "total": 1.2800000000368073e-05,
                    "count": 1,
                    "self": 1.2800000000368073e-05,
                    "children": {
                        "thread_root": {
                            "total": 0.0,
                            "count": 0,
                            "is_parallel": true,
                            "self": 0.0,
                            "children": {
                                "trainer_advance": {
                                    "total": 27.307234900000026,
                                    "count": 1793,