{
    "name": "root",
    "metadata": {
        "timer_format_version": "0.1.0",
        "start_time_seconds": "1612516497",
        "python_version": "3.8.6 (tags/v3.8.6:db45529, Sep 23 2020, 15:52:53) [MSC v.1927 64 bit (AMD64)]",
        "command_line_arguments": "F:\\Unity\\PracticeProject1\\venv\\Scripts\\mlagents-learn --run-id=scoreGoal6",
        "mlagents_version": "0.23.0",
        "mlagents_envs_version": "0.23.0",
        "communication_protocol_version": "1.3.0",
        "pytorch_version": "1.7.1",
        "numpy_version": "1.18.5",
        "end_time_seconds": "1612516523"
    },
    "total": 26.4621955,
    "count": 1,
    "self": 0.0021205000000001917,
    "children": {
        "run_training.setup": {
            "total": 0.006223499999999937,
            "count": 1,
            "self": 0.006223499999999937
        },
        "TrainerController.start_learning": {
            "total": 26.4538515,
            "count": 1,
            "self": 0.05063389999996559,
            "children": {
                "TrainerController._reset_env": {
                    "total": 3.8058350000000005,
                    "count": 1,
                    "self": 3.8058350000000005
                },
                "TrainerController.advance": {
                    "total": 22.516669900000032,
                    "count": 2762,
                    "self": 0.017258200000007662,
                    "children": {
                        "env_step": {
                            "total": 22.499411700000024,
                            "count": 2762,
                            "self": 20.069267900000114,
                            "children": {
                                "SubprocessEnvManager._take_step": {
                                    "total": 2.408508899999968,
                                    "count": 2762,
                                    "self": 0.08419649999993073,
                                    "children": {
                                        "TorchPolicy.evaluate": {
                                            "total": 2.3243124000000375,
                                            "count": 2731,
                                            "self": 0.5439097000000199,
                                            "children": {
                                                "TorchPolicy.sample_actions": {
                                                    "total": 1.7804027000000175,
                                                    "count": 2731,
                                                    "self": 1.7804027000000175
                                                }
                                            }
                                        }
                                    }
                                },
                                "workers": {
                                    "total": 0.02163489999994095,
                                    "count": 2761,
                                    "self": 0.0,
                                    "children": {
                                        "worker_root": {
                                            "total": 19.26928110000008,
                                            "count": 2761,
                                            "is_parallel": true,
                                            "self": 3.886548200000103,
                                            "children": {
                                                "steps_from_proto": {
                                                    "total": 0.0002620000000002065,
                                                    "count": 1,
                                                    "is_parallel": true,
                                                    "self": 0.00012150000000055172,
                                                    "children": {
                                                        "_process_vector_observation": {
                                                            "total": 0.0001404999999996548,
                                                            "count": 2,
                                                            "is_parallel": true,
                                                            "self": 0.0001404999999996548
                                                        }
                                                    }
                                                },
                                                "UnityEnvironment.step": {
                                                    "total": 15.382470899999976,
                                                    "count": 2761,
                                                    "is_parallel": true,
                                                    "self": 0.10193909999988549,
                                                    "children": {
                                                        "UnityEnvironment._generate_step_input": {
                                                            "total": 0.22556620000000516,
                                                            "count": 2761,
                                                            "is_parallel": true,
                                                            "self": 0.22556620000000516
                                                        },
                                                        "communicator.exchange": {
                                                            "total": 14.69540010000004,
                                                            "count": 2761,
                                                            "is_parallel": true,
                                                            "self": 14.69540010000004
                                                        },
                                                        "steps_from_proto": {
                                                            "total": 0.3595655000000457,
                                                            "count": 2761,
                                                            "is_parallel": true,
                                                            "self": 0.21213120000001373,
                                                            "children": {
                                                                "_process_vector_observation": {
                                                                    "total": 0.147434300000032,
                                                                    "count": 5522,
                                                                    "is_parallel": true,
                                                                    "self": 0.147434300000032
                                                                }
                                                            }
                                                        }
                                                    }
                                                }
                                            }
                                        }
                                    }
                                }
                            }
                        }
                    }
                },
                "trainer_threads": {
                    "total": 2.2200000000083264e-05,
                    "count": 1,
                    "self": 2.2200000000083264e-05,
                    "children": {
                        "thread_root": {
                            "total": 0.0,
                            "count": 0,
                            "is_parallel": true,
                            "self": 0.0,
                            "children": {
                                "trainer_advance": {
                                    "total": 22.54902560000005,