{
    "name": "root",
    "metadata": {
        "timer_format_version": "0.1.0",
        "start_time_seconds": "1612508773",
        "python_version": "3.8.6 (tags/v3.8.6:db45529, Sep 23 2020, 15:52:53) [MSC v.1927 64 bit (AMD64)]",
        "command_line_arguments": "F:\\Unity\\PracticeProject1\\venv\\Scripts\\mlagents-learn --run-id=testBall4",
        "mlagents_version": "0.23.0",
        "mlagents_envs_version": "0.23.0",
        "communication_protocol_version": "1.3.0",
        "pytorch_version": "1.7.1",
        "numpy_version": "1.18.5",
        "end_time_seconds": "1612508812"
    },
    "total": 38.552519999999994,
    "count": 1,
    "self": 0.002746999999999389,
    "children": {
        "run_training.setup": {
            "total": 0.006315300000000024,
            "count": 1,
            "self": 0.006315300000000024
        },
        "TrainerController.start_learning": {
            "total": 38.5434577,
            "count": 1,
            "self": 0.08134170000000296,
            "children": {
                "TrainerController._reset_env": {
                    "total": 3.7272274999999997,
                    "count": 1,
                    "self": 3.7272274999999997
                },
                "TrainerController.advance": {
                    "total": 34.6608428,
                    "count": 4882,
                    "self": 0.03276719999998079,
                    "children": {
                        "env_step": {
                            "total": 34.62807560000002,
                            "count": 4882,
                            "self": 30.252908899999763,
                            "children": {
                                "SubprocessEnvManager._take_step": {
                                    "total": 4.335266499999925,
                                    "count": 4882,
                                    "self": 0.1517948000000624,
                                    "children": {
                                        "TorchPolicy.evaluate": {
                                            "total": 4.1834716999998625,
                                            "count": 4867,
                                            "self": 0.9865416000000993,
                                            "children": {
                                                "TorchPolicy.sample_actions": {
                                                    "total": 3.196930099999763,
                                                    "count": 4867,
                                                    "self": 3.196930099999763
                                                }
                                            }
                                        }
                                    }
                                },
                                "workers": {
                                    "total": 0.03990020000032857,
                                    "count": 4881,
                                    "self": 0.0,
                                    "children": {
                                        "worker_root": {
                                            "total": 34.65043569999995,
                                            "count": 4881,
                                            "is_parallel": true,
                                            "self": 6.9816885000001285,
                                            "children": {
                                                "steps_from_proto": {
                                                    "total": 0.0002578000000004188,
                                                    "count": 1,
                                                    "is_parallel": true,
                                                    "self": 0.0001246000000003633,
                                                    "children": {
                                                        "_process_vector_observation": {
                                                            "total": 0.0001332000000000555,
                                                            "count": 2,
                                                            "is_parallel": true,
                                                            "self": 0.0001332000000000555
                                                        }
                                                    }
                                                },
                                                "UnityEnvironment.step": {
                                                    "total": 27.668489399999824,
                                                    "count": 4881,
                                                    "is_parallel": true,
                                                    "self": 0.18580189999985208,
                                                    "children": {
                                                        "UnityEnvironment._generate_step_input": {
                                                            "total": 0.40632680000007726,
                                                            "count": 4881,
                                                            "is_parallel": true,
                                                            "self": 0.40632680000007726
                                                        },
                                                        "communicator.exchange": {
                                                            "total": 26.433523899999944,
                                                            "count": 4881,
                                                            "is_parallel": true,
                                                            "self": 26.433523899999944
                                                        },
                                                        "steps_from_proto": {
                                                            "total": 0.6428367999999502,
                                                            "count": 4881,
                                                            "is_parallel": true,
                                                            "self": 0.37912540000029127,
                                                            "children": {
                                                                "_process_vector_observation": {
                                                                    "total": 0.263711399999659,
                                                                    "count": 9762,
                                                                    "is_parallel": true,
                                                                    "self": 0.263711399999659
                                                                }
                                                            }
                                                        }
                                                    }
                                                }
                                            }
                                        }
                                    }
                                }
                            }
                        }
                    }
                },
                "trainer_threads": {
                    "total": 1.9000000001767603e-05,
                    "count": 1,
                    "self": 1.9000000001767603e-05,
                    "children": {
                        "thread_root": {
                            "total": 0.0,
                            "count": 0,
                            "is_parallel": true,
                            "self": 0.0,
                            "children": {
                                "trainer_advance": {
                                    "total": 34.71514239999998,