{
    "name": "root",
    "metadata": {
        "timer_format_version": "0.1.0",
        "start_time_seconds": "1612508751",
        "python_version": "3.8.6 (tags/v3.8.6:db45529, Sep 23 2020, 15:52:53) [MSC v.1927 64 bit (AMD64)]",
        "command_line_arguments": "F:\\Unity\\PracticeProject1\\venv\\Scripts\\mlagents-learn --run-id=testBall3",
        "mlagents_version": "0.23.0",
        "mlagents_envs_version": "0.23.0",
        "communication_protocol_version": "1.3.0",
        "pytorch_version": "1.7.1",
        "numpy_version": "1.18.5",
        "end_time_seconds": "1612508760"
    },
    "total": 8.9619897,
    "count": 1,
    "self": 0.0022900999999997396,
    "children": {
        "run_training.setup": {
            "total": 0.006170499999999968,
            "count": 1,
            "self": 0.006170499999999968
        },
        "TrainerController.start_learning": {
            "total": 8.9535291,
            "count": 1,
            "self": 0.01657369999999858,
            "children": {
                "TrainerController._reset_env": {
                    "total": 4.0212698,
                    "count": 1,
                    "self": 4.0212698
                },
                "TrainerController.advance": {
                    "total": 4.850450100000001,
                    "count": 610,
                    "self": 0.004101099999987312,
                    "children": {
                        "env_step": {
                            "total": 4.846349000000013,
                            "count": 610,
                            "self": 4.282141499999962,
                            "children": {
                                "SubprocessEnvManager._take_step": {
                                    "total": 0.5594641000000289,
                                    "count": 610,
                                    "self": 0.018801500000040328,
                                    "children": {
                                        "TorchPolicy.evaluate": {
                                            "total": 0.5406625999999886,
                                            "count": 604,
                                            "self": 0.12150590000001227,
                                            "children": {
                                                "TorchPolicy.sample_actions": {
                                                    "total": 0.4191566999999763,
                                                    "count": 604,
                                                    "self": 0.4191566999999763
                                                }
                                            }
                                        }
                                    }
                                },
                                "workers": {
                                    "total": 0.004743400000022824,
                                    "count": 609,
                                    "self": 0.0,
                                    "children": {
                                        "worker_root": {
                                            "total": 4.827722500000007,
                                            "count": 609,
                                            "is_parallel": true,
                                            "self": 0.8956751000000205,
                                            "children": {
                                                "steps_from_proto": {
                                                    "total": 0.0002568000000007231,
                                                    "count": 1,
                                                    "is_parallel": true,
                                                    "self": 0.00012480000000092417,
                                                    "children": {
                                                        "_process_vector_observation": {
                                                            "total": 0.00013199999999979894,
                                                            "count": 2,
                                                            "is_parallel": true,
                                                            "self": 0.00013199999999979894
                                                        }
                                                    }
                                                },
                                                "UnityEnvironment.step": {
                                                    "total": 3.931790599999986,
                                                    "count": 609,
                                                    "is_parallel": true,
                                                    "self": 0.02243199999999934,
                                                    "children": {
                                                        "UnityEnvironment._generate_step_input": {
                                                            "total": 0.05075340000000139,
                                                            "count": 609,
                                                            "is_parallel": true,
                                                            "self": 0.05075340000000139
                                                        },
                                                        "communicator.exchange": {
                                                            "total": 3.7755563999999993,
                                                            "count": 609,
                                                            "is_parallel": true,
                                                            "self": 3.7755563999999993
                                                        },
                                                        "steps_from_proto": {
                                                            "total": 0.08304879999998604,
                                                            "count": 609,
                                                            "is_parallel": true,
                                                            "self": 0.048577999999998234,
                                                            "children": {
                                                                "_process_vector_observation": {
                                                                    "total": 0.03447079999998781,
                                                                    "count": 1218,
                                                                    "is_parallel": true,
                                                                    "self": 0.03447079999998781
                                                                }
                                                            }
                                                        }
                                                    }
                                                }
                                            }
                                        }
                                    }
                                }
                            }
                        }
                    }
                },
                "trainer_threads": {
                    "total": 1.540000000055386e-05,
                    "count": 1,
                    "self": 1.540000000055386e-05,
                    "children": {
                        "thread_root": {
                            "total": 0.0,
                            "count": 0,
                            "is_parallel": true,
                            "self": 0.0,
                            "children": {
                                "trainer_advance": {
                                    "total": 4.862895199999992,
                                    "count": 319,