{
    "name": "root",
    "metadata": {
        "timer_format_version": "0.1.0",
        "start_time_seconds": "1612516085",
        "python_version": "3.8.6 (tags/v3.8.6:db45529, Sep 23 2020, 15:52:53) [MSC v.1927 64 bit (AMD64)]",
        "command_line_arguments": "F:\\Unity\\PracticeProject1\\venv\\Scripts\\mlagents-learn --run-id=scoreGoal3",
        "mlagents_version": "0.23.0",
        "mlagents_envs_version": "0.23.0",
        "communication_protocol_version": "1.3.0",
        "pytorch_version": "1.7.1",
        "numpy_version": "1.18.5",
        "end_time_seconds": "1612516158"
    },
    "total": 72.9105434,
    "count": 1,
    "self": 0.0025667999999825497,
    "children": {
        "run_training.setup": {
            "total": 0.006616799999999978,
            "count": 1,
            "self": 0.006616799999999978
        },
        "TrainerController.start_learning": {
            "total": 72.90135980000001,
            "count": 1,
            "self": 0.1387344000000752,
            "children": {
                "TrainerController._reset_env": {
                    "total": 5.744123399999999,
                    "count": 1,
                    "self": 5.744123399999999
                },
                "TrainerController.advance": {
                    "total": 66.94590129999992,
                    "count": 8348,
                    "self": 0.062133800000083284,
                    "children": {
                        "env_step": {
                            "total": 66.88376749999983,
                            "count": 8348,
                            "self": 58.919231099999706,
                            "children": {
                                "SubprocessEnvManager._take_step": {
                                    "total": 7.8922370000001445,
                                    "count": 8348,
                                    "self": 0.26913440000008304,
                                    "children": {
                                        "TorchPolicy.evaluate": {
                                            "total": 7.6231026000000615,
                                            "count": 8271,
                                            "self": 1.7848135999998611,
                                            "children": {
                                                "TorchPolicy.sample_actions": {
                                                    "total": 5.8382890000002,
                                                    "count": 8271,
                                                    "self": 5.8382890000002
                                                }
                                            }
                                        }
                                    }
                                },
                                "workers": {
                                    "total": 0.07229939999998436,
                                    "count": 8347,
                                    "self": 0.0,
                                    "children": {
                                        "worker_root": {
                                            "total": 58.373772400000114,
                                            "count": 8347,
                                            "is_parallel": true,
                                            "self": 12.864818800000165,
                                            "children": {
                                                "steps_from_proto": {
                                                    "total": 0.0002741000000003879,
                                                    "count": 1,
                                                    "is_parallel": true,
                                                    "self": 0.00013839999999998298,
                                                    "children": {
                                                        "_process_vector_observation": {
                                                            "total": 0.00013570000000040494,
                                                            "count": 2,
                                                            "is_parallel": true,
                                                            "self": 0.00013570000000040494
                                                        }
                                                    }
                                                },
                                                "UnityEnvironment.step": {
                                                    "total": 45.50867949999995,
                                                    "count": 8347,
                                                    "is_parallel": true,
                                                    "self": 0.3443761000002752,
                                                    "children": {
                                                        "UnityEnvironment._generate_step_input": {
                                                            "total": 0.7774081999997566,
                                                            "count": 8347,
                                                            "is_parallel": true,
                                                            "self": 0.7774081999997566
                                                        },
                                                        "communicator.exchange": {
                                                            "total": 43.17131259999986,
                                                            "count": 8347,
                                                            "is_parallel": true,
                                                            "self": 43.17131259999986
                                                        },
                                                        "steps_from_proto": {
                                                            "total": 1.2155826000000598,
                                                            "count": 8347,
                                                            "is_parallel": true,
                                                            "self": 0.6997325999997308,
                                                            "children": {
                                                                "_process_vector_observation": {
                                                                    "total": 0.515850000000329,
                                                                    "count": 16694,
                                                                    "is_parallel": true,
                                                                    "self": 0.515850000000329
                                                                }
                                                            }
                                                        }
                                                    }
                                                }
                                            }
                                        }
                                    }
                                }
                            }
                        }
                    }
                },
                "trainer_threads": {
                    "total": 1.990000001228509e-05,
                    "count": 1,
                    "self": 1.990000001228509e-05,
                    "children": {
                        "thread_root": {
                            "total": 0.0,
                            "count": 0,
                            "is_parallel": true,
                            "self": 0.0,
                            "children": {
                                "trainer_advance": {
                                    "total": 67.02615289999989,