{
    "name": "root",
    "metadata": {
        "timer_format_version": "0.1.0",
        "start_time_seconds": "1612418998",
        "python_version": "3.8.6 (tags/v3.8.6:db45529, Sep 23 2020, 15:52:53) [MSC v.1927 64 bit (AMD64)]",
        "command_line_arguments": "F:\\Unity\\PracticeProject1\\venv\\Scripts\\mlagents-learn --run-id=test2",
        "mlagents_version": "0.23.0",
        "mlagents_envs_version": "0.23.0",
        "communication_protocol_version": "1.3.0",
        "pytorch_version": "1.7.1",
        "numpy_version": "1.18.5",
        "end_time_seconds": "1612419013"
    },
    "total": 15.1762876,
    "count": 1,
    "self": 0.0023069000000006668,
    "children": {
        "run_training.setup": {
            "total": 0.006496700000000022,
            "count": 1,
            "self": 0.006496700000000022
        },
        "TrainerController.start_learning": {
            "total": 15.167484,
            "count": 1,
            "self": 0.028959300000018118,
            "children": {
                "TrainerController._reset_env": {
                    "total": 4.3939224,
                    "count": 1,
                    "self": 4.3939224
                },
                "TrainerController.advance": {
                    "total": 10.67598109999998,
                    "count": 1397,
                    "self": 0.009757499999951236,
                    "children": {
                        "env_step": {
                            "total": 10.666223600000029,
                            "count": 1397,
                            "self": 9.32644079999999,
                            "children": {
                                "SubprocessEnvManager._take_step": {
                                    "total": 1.3279040999999907,
                                    "count": 1397,
                                    "self": 0.044180900000005074,
                                    "children": {
                                        "TorchPolicy.evaluate": {
                                            "total": 1.2837231999999856,
                                            "count": 1397,
                                            "self": 0.3018892999999787,
                                            "children": {
                                                "TorchPolicy.sample_actions": {
                                                    "total": 0.9818339000000069,
                                                    "count": 1397,
                                                    "self": 0.9818339000000069
                                                }
                                            }
                                        }
                                    }
                                },
                                "workers": {
                                    "total": 0.011878700000047537,
                                    "count": 1396,
                                    "self": 0.0,
                                    "children": {
                                        "worker_root": {
                                            "total": 10.674489599999985,
                                            "count": 1396,
                                            "is_parallel": true,
                                            "self": 2.1181162000000153,
                                            "children": {
                                                "steps_from_proto": {
                                                    "total": 0.0002598999999996465,
                                                    "count": 1,
                                                    "is_parallel": true,
                                                    "self": 0.00012039999999924333,
                                                    "children": {
                                                        "_process_vector_observation": {
                                                            "total": 0.0001395000000004032,
                                                            "count": 2,
                                                            "is_parallel": true,
                                                            "self": 0.0001395000000004032
                                                        }
                                                    }
                                                },
                                                "UnityEnvironment.step": {
                                                    "total": 8.55611349999997,
                                                    "count": 1396,
                                                    "is_parallel": true,
                                                    "self": 0.048667999999917555,
                                                    "children": {
                                                        "UnityEnvironment._generate_step_input": {
                                                            "total": 0.11360570000001502,
                                                            "count": 1396,
                                                            "is_parallel": true,
                                                            "self": 0.11360570000001502
                                                        },
                                                        "communicator.exchange": {
                                                            "total": 8.206277400000031,
                                                            "count": 1396,
                                                            "is_parallel": true,
                                                            "self": 8.206277400000031
                                                        },
                                                        "steps_from_proto": {
                                                            "total": 0.18756240000000624,
                                                            "count": 1396,
                                                            "is_parallel": true,
                                                            "self": 0.10953119999996819,
                                                            "children": {
                                                                "_process_vector_observation": {
                                                                    "total": 0.07803120000003805,
                                                                    "count": 2792,
                                                                    "is_parallel": true,
                                                                    "self": 0.07803120000003805
                                                                }
                                                            }
                                                        }
                                                    }
                                                }
                                            }
                                        }
                                    }
                                }
                            }
                        }
                    }
                },
                "trainer_threads": {
                    "total": 1.5000000001208491e-05,
                    "count": 1,
                    "self": 1.5000000001208491e-05,
                    "children": {
                        "thread_root": {
                            "total": 0.0,
                            "count": 0,
                            "is_parallel": true,
                            "self": 0.0,
                            "children": {
                                "trainer_advance": {
                                    "total": 10.69723500000003,
                                    "count": 693,