{
    "name": "root",
    "gauges": {
        "HitTheBall.Policy.Entropy.mean": {
            "value": 1.4204764366149902,
            "min": 1.3852747678756714,
            "max": 1.4589564800262451,
            "count": 5
        },
        "HitTheBall.Policy.ExtrinsicValueEstimate.mean": {
            "value": 44.96692657470703,
            "min": 0.14970853924751282,
            "max": 44.96692657470703,
            "count": 5
        },
        "HitTheBall.Losses.PolicyLoss.mean": {
            "value": 0.23926552168324391,
            "min": 0.23926552168324391,
            "max": 0.24861812010865658,
            "count": 5
        },
        "HitTheBall.Losses.ValueLoss.mean": {
            "value": 806.6600799737323,
            "min": 26.010307782275476,
            "max": 806.6600799737323,
            "count": 5
        },
        "HitTheBall.Policy.LearningRate.mean": {
            "value": 0.0027298477947193594,
            "min": 0.0027298477947193594,
            "max": 0.002969891201003627,
            "count": 5
        },
        "HitTheBall.Policy.Epsilon.mean": {
            "value": 0.1909949261904762,
            "min": 0.1909949261904762,
            "max": 0.19899637333333337,
            "count": 5
        },
        "HitTheBall.Policy.Beta.mean": {
            "value": 0.0004558751383333334,
            "min": 0.0004558751383333334,
            "max": 0.0004950822293333333,
            "count": 5
        },
        "HitTheBall.Environment.EpisodeLength.mean": {
            "value": 34.03146853146853,
            "min": 34.03146853146853,
            "max": 164.3,
            "count": 5
        },
        "HitTheBall.Environment.CumulativeReward.mean": {
            "value": 51.45263157894737,
            "min": 1.2666666666666666,
            "max": 51.45263157894737,
            "count": 5
        },
        "HitTheBall.Policy.ExtrinsicReward.mean": {
            "value": 51.45263157894737,
            "min": 1.2666666666666666,
            "max": 51.45263157894737,
            "count": 5
        },
        "HitTheBall.IsTraining.mean": {
            "value": 1.0,
            "min": 1.0,
            "max": 1.0,
            "count": 5
        }
    },
    "metadata": {
        "timer_format_version": "0.1.0",
        "start_time_seconds": "1612680790",
        "python_version": "3.8.6 (tags/v3.8.6:db45529, Sep 23 2020, 15:52:53) [MSC v.1927 64 bit (AMD64)]",
        "command_line_arguments": "F:\\Unity\\PracticeProject1\\venv\\Scripts\\mlagents-learn config\\scoreGoal.yaml --run-id=customParams1",
        "mlagents_version": "0.23.0",
        "mlagents_envs_version": "0.23.0",
        "communication_protocol_version": "1.3.0",
        "pytorch_version": "1.7.1",
        "numpy_version": "1.18.5",
        "end_time_seconds": "1612681256"
    },
    "total": 466.2415458,
    "count": 1,
    "self": 0.004489299999931973,
    "children": {
        "run_training.setup": {
            "total": 0.006186299999999978,
            "count": 1,
            "self": 0.006186299999999978
        },
        "TrainerController.start_learning": {
            "total": 466.2308702,
            "count": 1,
            "self": 0.9632254999984298,
            "children": {
                "TrainerController._reset_env": {
                    "total": 3.7520730999999996,
                    "count": 1,
                    "self": 3.7520730999999996
                },
                "TrainerController.advance": {
                    "total": 461.4233645000016,
                    "count": 58109,
                    "self": 0.4641022000039925,
                    "children": {
                        "env_step": {
                            "total": 460.9592622999976,
                            "count": 58109,
                            "self": 400.67177839999664,
                            "children": {
                                "SubprocessEnvManager._take_step": {
                                    "total": 59.75776899999623,
                                    "count": 58109,
                                    "self": 1.8937957999958144,
                                    "children": {
                                        "TorchPolicy.evaluate": {
                                            "total": 57.863973200000416,
                                            "count": 57397,
                                            "self": 13.710450200003379,
                                            "children": {
                                                "TorchPolicy.sample_actions": {
                                                    "total": 44.15352299999704,
                                                    "count": 57397,
                                                    "self": 44.15352299999704
                                                }
                                            }
                                        }
                                    }
                                },
                                "workers": {
                                    "total": 0.5297149000047181,
                                    "count": 58108,
                                    "self": 0.0,
                                    "children": {
                                        "worker_root": {
                                            "total": 461.26314319999466,
                                            "count": 58108,
                                            "is_parallel": true,
                                            "self": 97.17703299999334,
                                            "children": {
                                                "steps_from_proto": {
                                                    "total": 0.0002644999999996678,
                                                    "count": 1,
                                                    "is_parallel": true,
                                                    "self": 0.00012919999999949638,
                                                    "children": {
                                                        "_process_vector_observation": {
                                                            "total": 0.0001353000000001714,
                                                            "count": 2,
                                                            "is_parallel": true,
                                                            "self": 0.0001353000000001714
                                                        }
                                                    }
                                                },
                                                "UnityEnvironment.step": {
                                                    "total": 364.0858457000013,
                                                    "count": 58108,
                                                    "is_parallel": true,
                                                    "self": 2.5169093999967913,
                                                    "children": {
                                                        "UnityEnvironment._generate_step_input": {
                                                            "total": 5.299256499997703,
                                                            "count": 58108,
                                                            "is_parallel": true,
                                                            "self": 5.299256499997703
                                                        },
                                                        "communicator.exchange": {
                                                            "total": 347.71798580000365,
                                                            "count": 58108,
                                                            "is_parallel": true,