{
    "name": "root",
    "metadata": {
        "timer_format_version": "0.1.0",
        "start_time_seconds": "1612680301",
        "python_version": "3.8.6 (tags/v3.8.6:db45529, Sep 23 2020, 15:52:53) [MSC v.1927 64 bit (AMD64)]",
        "command_line_arguments": "F:\\Unity\\PracticeProject1\\venv\\Scripts\\mlagents-learn --run-id=dajGoal4",
        "mlagents_version": "0.23.0",
        "mlagents_envs_version": "0.23.0",
        "communication_protocol_version": "1.3.0",
        "pytorch_version": "1.7.1",
        "numpy_version": "1.18.5",
        "end_time_seconds": "1612680316"
    },
    "total": 15.249719800000001,
    "count": 1,
    "self": 0.002887200000001755,
    "children": {
        "run_training.setup": {
            "total": 0.006174799999999925,
            "count": 1,
            "self": 0.006174799999999925
        },
        "TrainerController.start_learning": {
            "total": 15.2406578,
            "count": 1,
            "self": 0.009736199999991868,
            "children": {
                "TrainerController._reset_env": {
                    "total": 6.0818516,
                    "count": 1,
                    "self": 6.0818516
                },
                "TrainerController.advance": {
                    "total": 9.068215000000007,
                    "count": 258,
                    "self": 0.0022117000000054787,
                    "children": {
                        "env_step": {
                            "total": 9.066003300000002,
                            "count": 258,
                            "self": 8.805745100000003,
                            "children": {
                                "SubprocessEnvManager._take_step": {
                                    "total": 0.2577527000000046,
                                    "count": 258,
                                    "self": 0.009454699999997374,
                                    "children": {
                                        "TorchPolicy.evaluate": {
                                            "total": 0.24829800000000724,
                                            "count": 194,
                                            "self": 0.05005120000000929,
                                            "children": {
                                                "TorchPolicy.sample_actions": {
                                                    "total": 0.19824679999999795,
                                                    "count": 194,
                                                    "self": 0.19824679999999795
                                                }
                                            }
                                        }
                                    }
                                },
                                "workers": {
                                    "total": 0.0025054999999953864,
                                    "count": 257,
                                    "self": 0.0,
                                    "children": {
                                        "worker_root": {
                                            "total": 9.043350700000008,
                                            "count": 257,
                                            "is_parallel": true,
                                            "self": 0.5380851000000195,
                                            "children": {
                                                "steps_from_proto": {
                                                    "total": 0.00040779999999962513,
                                                    "count": 1,
                                                    "is_parallel": true,
                                                    "self": 0.00017209999999945325,
                                                    "children": {
                                                        "_process_vector_observation": {
                                                            "total": 0.00023570000000017188,
                                                            "count": 2,
                                                            "is_parallel": true,
                                                            "self": 0.00023570000000017188
                                                        }
                                                    }
                                                },
                                                "UnityEnvironment.step": {
                                                    "total": 8.50485779999999,
                                                    "count": 257,
                                                    "is_parallel": true,
                                                    "self": 0.01863890000001156,
                                                    "children": {
                                                        "UnityEnvironment._generate_step_input": {
                                                            "total": 0.1426267000000072,
                                                            "count": 257,
                                                            "is_parallel": true,
                                                            "self": 0.1426267000000072
                                                        },
                                                        "communicator.exchange": {
                                                            "total": 8.270602099999971,
                                                            "count": 257,
                                                            "is_parallel": true,
                                                            "self": 8.270602099999971
                                                        },
                                                        "steps_from_proto": {
                                                            "total": 0.07299010000000017,
                                                            "count": 257,
                                                            "is_parallel": true,
                                                            "self": 0.03130420000001699,
                                                            "children": {
                                                                "_process_vector_observation": {
                                                                    "total": 0.04168589999998318,
                                                                    "count": 514,
                                                                    "is_parallel": true,
                                                                    "self": 0.04168589999998318
                                                                }
                                                            }
                                                        }
                                                    }
                                                }
                                            }
                                        }
                                    }
                                }
                            }
                        }
                    }
                },
                "trainer_threads": {
                    "total": 1.5700000000506975e-05,
                    "count": 1,
                    "self": 1.5700000000506975e-05,
                    "children": {
                        "thread_root": {
                            "total": 0.0,
                            "count": 0,
                            "is_parallel": true,
                            "self": 0.0,
                            "children": {
                                "trainer_advance": {
                                    "total": 9.070558899999993,
                                    "count": 665,