{
    "name": "root",
    "metadata": {
        "timer_format_version": "0.1.0",
        "start_time_seconds": "1612419689",
        "python_version": "3.8.6 (tags/v3.8.6:db45529, Sep 23 2020, 15:52:53) [MSC v.1927 64 bit (AMD64)]",
        "command_line_arguments": "F:\\Unity\\PracticeProject1\\venv\\Scripts\\mlagents-learn --run-id=test5",
        "mlagents_version": "0.23.0",
        "mlagents_envs_version": "0.23.0",
        "communication_protocol_version": "1.3.0",
        "pytorch_version": "1.7.1",
        "numpy_version": "1.18.5",
        "end_time_seconds": "1612419715"
    },
    "total": 26.5143842,
    "count": 1,
    "self": 0.0024596999999992875,
    "children": {
        "run_training.setup": {
            "total": 0.007522699999999993,
            "count": 1,
            "self": 0.007522699999999993
        },
        "TrainerController.start_learning": {
            "total": 26.5044018,
            "count": 1,
            "self": 0.04992010000004754,
            "children": {
                "TrainerController._reset_env": {
                    "total": 7.157397199999999,
                    "count": 1,
                    "self": 7.157397199999999
                },
                "TrainerController.advance": {
                    "total": 19.231674499999954,
                    "count": 2550,
                    "self": 0.01698940000007454,
                    "children": {
                        "env_step": {
                            "total": 19.21468509999988,
                            "count": 2550,
                            "self": 16.821771699999992,
                            "children": {
                                "SubprocessEnvManager._take_step": {
                                    "total": 2.3716502999999083,
                                    "count": 2550,
                                    "self": 0.07978230000000508,
                                    "children": {
                                        "TorchPolicy.evaluate": {
                                            "total": 2.291867999999903,
                                            "count": 2544,
                                            "self": 0.5421665000000413,
                                            "children": {
                                                "TorchPolicy.sample_actions": {
                                                    "total": 1.749701499999862,
                                                    "count": 2544,
                                                    "self": 1.749701499999862
                                                }
                                            }
                                        }
                                    }
                                },
                                "workers": {
                                    "total": 0.021263099999980994,
                                    "count": 2549,
                                    "self": 0.0,
                                    "children": {
                                        "worker_root": {
                                            "total": 19.230628099999883,
                                            "count": 2549,
                                            "is_parallel": true,
                                            "self": 3.7921123999999544,
                                            "children": {
                                                "steps_from_proto": {
                                                    "total": 0.0002668999999997368,
                                                    "count": 1,
                                                    "is_parallel": true,
                                                    "self": 0.0001265999999988665,
                                                    "children": {
                                                        "_process_vector_observation": {
                                                            "total": 0.00014030000000087028,
                                                            "count": 2,
                                                            "is_parallel": true,
                                                            "self": 0.00014030000000087028
                                                        }
                                                    }
                                                },
                                                "UnityEnvironment.step": {
                                                    "total": 15.43824879999993,
                                                    "count": 2549,
                                                    "is_parallel": true,
                                                    "self": 0.09480329999966841,
                                                    "children": {
                                                        "UnityEnvironment._generate_step_input": {
                                                            "total": 0.21419980000008287,
                                                            "count": 2549,
                                                            "is_parallel": true,
                                                            "self": 0.21419980000008287
                                                        },
                                                        "communicator.exchange": {
                                                            "total": 14.780378800000129,
                                                            "count": 2549,
                                                            "is_parallel": true,
                                                            "self": 14.780378800000129
                                                        },
                                                        "steps_from_proto": {
                                                            "total": 0.34886690000004883,
                                                            "count": 2549,
                                                            "is_parallel": true,
                                                            "self": 0.20296140000017182,
                                                            "children": {
                                                                "_process_vector_observation": {
                                                                    "total": 0.145905499999877,
                                                                    "count": 5098,
                                                                    "is_parallel": true,
                                                                    "self": 0.145905499999877
                                                                }
                                                            }
                                                        }
                                                    }
                                                }
                                            }
                                        }
                                    }
                                }
                            }
                        }
                    }
                },
                "trainer_threads": {
                    "total": 1.7199999998496196e-05,
                    "count": 1,
                    "self": 1.7199999998496196e-05,
                    "children": {
                        "thread_root": {
                            "total": 0.0,
                            "count": 0,
                            "is_parallel": true,
                            "self": 0.0,
                            "children": {
                                "trainer_advance": {
                                    "total": 19.267624800000007,