{
    "name": "root",
    "metadata": {
        "timer_format_version": "0.1.0",
        "start_time_seconds": "1612679444",
        "python_version": "3.8.6 (tags/v3.8.6:db45529, Sep 23 2020, 15:52:53) [MSC v.1927 64 bit (AMD64)]",
        "command_line_arguments": "F:\\Unity\\PracticeProject1\\venv\\Scripts\\mlagents-learn --run-id=dajGoal2",
        "mlagents_version": "0.23.0",
        "mlagents_envs_version": "0.23.0",
        "communication_protocol_version": "1.3.0",
        "pytorch_version": "1.7.1",
        "numpy_version": "1.18.5",
        "end_time_seconds": "1612679792"
    },
    "total": 348.17225559999997,
    "count": 1,
    "self": 0.0025502999999957865,
    "children": {
        "run_training.setup": {
            "total": 0.006076999999999999,
            "count": 1,
            "self": 0.006076999999999999
        },
        "TrainerController.start_learning": {
            "total": 348.16362829999997,
            "count": 1,
            "self": 0.6807078999988789,
            "children": {
                "TrainerController._reset_env": {
                    "total": 8.7754581,
                    "count": 1,
                    "self": 8.7754581
                },
                "TrainerController.advance": {
                    "total": 338.63109830000104,
                    "count": 42540,
                    "self": 0.296021700005781,
                    "children": {
                        "env_step": {
                            "total": 338.33507659999526,
                            "count": 42540,
                            "self": 295.68628179999627,
                            "children": {
                                "SubprocessEnvManager._take_step": {
                                    "total": 42.2647700999966,
                                    "count": 42540,
                                    "self": 1.4262723999994904,
                                    "children": {
                                        "TorchPolicy.evaluate": {
                                            "total": 40.83849769999711,
                                            "count": 42367,
                                            "self": 10.012014499996841,
                                            "children": {
                                                "TorchPolicy.sample_actions": {
                                                    "total": 30.826483200000272,
                                                    "count": 42367,
                                                    "self": 30.826483200000272
                                                }
                                            }
                                        }
                                    }
                                },
                                "workers": {
                                    "total": 0.3840247000023904,
                                    "count": 42539,
                                    "self": 0.0,
                                    "children": {
                                        "worker_root": {
                                            "total": 338.4328330000024,
                                            "count": 42539,
                                            "is_parallel": true,
                                            "self": 69.5469351000088,
                                            "children": {
                                                "steps_from_proto": {
                                                    "total": 0.00027730000000047994,
                                                    "count": 1,
                                                    "is_parallel": true,
                                                    "self": 0.00013100000000143552,
                                                    "children": {
                                                        "_process_vector_observation": {
                                                            "total": 0.00014629999999904442,
                                                            "count": 2,
                                                            "is_parallel": true,
                                                            "self": 0.00014629999999904442
                                                        }
                                                    }
                                                },
                                                "UnityEnvironment.step": {
                                                    "total": 268.8856205999936,
                                                    "count": 42539,
                                                    "is_parallel": true,
                                                    "self": 1.8354613999918001,
                                                    "children": {
                                                        "UnityEnvironment._generate_step_input": {
                                                            "total": 3.8853476000013902,
                                                            "count": 42539,
                                                            "is_parallel": true,
                                                            "self": 3.8853476000013902
                                                        },
                                                        "communicator.exchange": {
                                                            "total": 256.85317660000163,
                                                            "count": 42539,
                                                            "is_parallel": true,
                                                            "self": 256.85317660000163
                                                        },
                                                        "steps_from_proto": {
                                                            "total": 6.311634999998748,
                                                            "count": 42539,
                                                            "is_parallel": true,
                                                            "self": 3.5544966000034766,
                                                            "children": {
                                                                "_process_vector_observation": {
                                                                    "total": 2.757138399995272,
                                                                    "count": 85078,
                                                                    "is_parallel": true,
                                                                    "self": 2.757138399995272
                                                                }
                                                            }
                                                        }
                                                    }
                                                }
                                            }
                                        }
                                    }
                                }
                            }
                        }
                    }
                },
                "trainer_threads": {
                    "total": 1.810000003388268e-05,
                    "count": 1,
                    "self": 1.810000003388268e-05,
                    "children": {
                        "thread_root": {
                            "total": 0.0,
                            "count": 0,
                            "is_parallel": true,
                            "self": 0.0,
                            "children": {
                                "trainer_advance": {
                                    "total": 338.86398809999594,