{
    "name": "root",
    "metadata": {
        "timer_format_version": "0.1.0",
        "start_time_seconds": "1612678672",
        "python_version": "3.8.6 (tags/v3.8.6:db45529, Sep 23 2020, 15:52:53) [MSC v.1927 64 bit (AMD64)]",
        "command_line_arguments": "F:\\Unity\\PracticeProject1\\venv\\Scripts\\mlagents-learn --run-id=dajGoal1",
        "mlagents_version": "0.23.0",
        "mlagents_envs_version": "0.23.0",
        "communication_protocol_version": "1.3.0",
        "pytorch_version": "1.7.1",
        "numpy_version": "1.18.5",
        "end_time_seconds": "1612678987"
    },
    "total": 315.32494249999996,
    "count": 1,
    "self": 0.01524389999997311,
    "children": {
        "run_training.setup": {
            "total": 0.03847440000000013,
            "count": 1,
            "self": 0.03847440000000013
        },
        "TrainerController.start_learning": {
            "total": 315.2712242,
            "count": 1,
            "self": 0.6425842999952351,
            "children": {
                "TrainerController._reset_env": {
                    "total": 17.3941289,
                    "count": 1,
                    "self": 17.3941289
                },
                "TrainerController.advance": {
                    "total": 296.5717462000048,
                    "count": 37036,
                    "self": 0.3078436000062652,
                    "children": {
                        "env_step": {
                            "total": 296.2639025999985,
                            "count": 37036,
                            "self": 258.1967598999987,
                            "children": {
                                "SubprocessEnvManager._take_step": {
                                    "total": 37.71841660000019,
                                    "count": 37036,
                                    "self": 1.2317022000022533,
                                    "children": {
                                        "TorchPolicy.evaluate": {
                                            "total": 36.486714399997936,
                                            "count": 36874,
                                            "self": 9.025260299996123,
                                            "children": {
                                                "TorchPolicy.sample_actions": {
                                                    "total": 27.461454100001813,
                                                    "count": 36874,
                                                    "self": 27.461454100001813
                                                }
                                            }
                                        }
                                    }
                                },
                                "workers": {
                                    "total": 0.3487260999996451,
                                    "count": 37035,
                                    "self": 0.0,
                                    "children": {
                                        "worker_root": {
                                            "total": 296.8529448999988,
                                            "count": 37035,
                                            "is_parallel": true,
                                            "self": 61.76959940000228,
                                            "children": {
                                                "steps_from_proto": {
                                                    "total": 0.00033679999999947086,
                                                    "count": 1,
                                                    "is_parallel": true,
                                                    "self": 0.00014940000000152054,
                                                    "children": {
                                                        "_process_vector_observation": {
                                                            "total": 0.00018739999999795032,
                                                            "count": 2,
                                                            "is_parallel": true,
                                                            "self": 0.00018739999999795032
                                                        }
                                                    }
                                                },
                                                "UnityEnvironment.step": {
                                                    "total": 235.08300869999655,
                                                    "count": 37035,
                                                    "is_parallel": true,
                                                    "self": 1.4772605999948212,
                                                    "children": {
                                                        "UnityEnvironment._generate_step_input": {
                                                            "total": 3.242673200004077,
                                                            "count": 37035,
                                                            "is_parallel": true,
                                                            "self": 3.242673200004077
                                                        },
                                                        "communicator.exchange": {
                                                            "total": 224.78448669999835,
                                                            "count": 37035,
                                                            "is_parallel": true,
                                                            "self": 224.78448669999835
                                                        },
                                                        "steps_from_proto": {
                                                            "total": 5.578588199999306,
                                                            "count": 37035,
                                                            "is_parallel": true,
                                                            "self": 3.147482000003265,
                                                            "children": {
                                                                "_process_vector_observation": {
                                                                    "total": 2.431106199996041,
                                                                    "count": 74070,
                                                                    "is_parallel": true,
                                                                    "self": 2.431106199996041
                                                                }
                                                            }
                                                        }
                                                    }
                                                }
                                            }
                                        }
                                    }
                                }
                            }
                        }
                    }
                },
                "trainer_threads": {
                    "total": 2.200000000129876e-05,
                    "count": 1,
                    "self": 2.200000000129876e-05,
                    "children": {
                        "thread_root": {
                            "total": 0.0,
                            "count": 0,
                            "is_parallel": true,
                            "self": 0.0,
                            "children": {
                                "trainer_advance": {
                                    "total": 296.9613879999993,
                                    "count": 19012,