{
    "name": "root",
    "metadata": {
        "timer_format_version": "0.1.0",
        "start_time_seconds": "1612508557",
        "python_version": "3.8.6 (tags/v3.8.6:db45529, Sep 23 2020, 15:52:53) [MSC v.1927 64 bit (AMD64)]",
        "command_line_arguments": "F:\\Unity\\PracticeProject1\\venv\\Scripts\\mlagents-learn --run-id=testBall1",
        "mlagents_version": "0.23.0",
        "mlagents_envs_version": "0.23.0",
        "communication_protocol_version": "1.3.0",
        "pytorch_version": "1.7.1",
        "numpy_version": "1.18.5",
        "end_time_seconds": "1612508584"
    },
    "total": 27.622137199999997,
    "count": 1,
    "self": 0.002179299999994555,
    "children": {
        "run_training.setup": {
            "total": 0.006447599999999998,
            "count": 1,
            "self": 0.006447599999999998
        },
        "TrainerController.start_learning": {
            "total": 27.6135103,
            "count": 1,
            "self": 0.05495710000008458,
            "children": {
                "TrainerController._reset_env": {
                    "total": 4.1119056,
                    "count": 1,
                    "self": 4.1119056
                },
                "TrainerController.advance": {
                    "total": 23.38198349999992,
                    "count": 3131,
                    "self": 0.020890599999923154,
                    "children": {
                        "env_step": {
                            "total": 23.361092899999996,
                            "count": 3131,
                            "self": 20.568395999999993,
                            "children": {
                                "SubprocessEnvManager._take_step": {
                                    "total": 2.7668383999999655,
                                    "count": 3131,
                                    "self": 0.0951141999999594,
                                    "children": {
                                        "TorchPolicy.evaluate": {
                                            "total": 2.671724200000006,
                                            "count": 3037,
                                            "self": 0.6216799999999427,
                                            "children": {
                                                "TorchPolicy.sample_actions": {
                                                    "total": 2.0500442000000634,
                                                    "count": 3037,
                                                    "self": 2.0500442000000634
                                                }
                                            }
                                        }
                                    }
                                },
                                "workers": {
                                    "total": 0.025858500000036422,
                                    "count": 3130,
                                    "self": 0.0,
                                    "children": {
                                        "worker_root": {
                                            "total": 20.866473300000024,
                                            "count": 3130,
                                            "is_parallel": true,
                                            "self": 4.490523600000039,
                                            "children": {
                                                "steps_from_proto": {
                                                    "total": 0.000259499999999413,
                                                    "count": 1,
                                                    "is_parallel": true,
                                                    "self": 0.00012459999999947513,
                                                    "children": {
                                                        "_process_vector_observation": {
                                                            "total": 0.00013489999999993785,
                                                            "count": 2,
                                                            "is_parallel": true,
                                                            "self": 0.00013489999999993785
                                                        }
                                                    }
                                                },
                                                "UnityEnvironment.step": {
                                                    "total": 16.375690199999987,
                                                    "count": 3130,
                                                    "is_parallel": true,
                                                    "self": 0.12045990000000373,
                                                    "children": {
                                                        "UnityEnvironment._generate_step_input": {
                                                            "total": 0.2615265000000404,
                                                            "count": 3130,
                                                            "is_parallel": true,
                                                            "self": 0.2615265000000404
                                                        },
                                                        "communicator.exchange": {
                                                            "total": 15.565852299999943,
                                                            "count": 3130,
                                                            "is_parallel": true,
                                                            "self": 15.565852299999943
                                                        },
                                                        "steps_from_proto": {
                                                            "total": 0.4278514999999983,
                                                            "count": 3130,
                                                            "is_parallel": true,
                                                            "self": 0.24957190000025609,
                                                            "children": {
                                                                "_process_vector_observation": {
                                                                    "total": 0.1782795999997422,
                                                                    "count": 6260,
                                                                    "is_parallel": true,
                                                                    "self": 0.1782795999997422
                                                                }
                                                            }
                                                        }
                                                    }
                                                }
                                            }
                                        }
                                    }
                                }
                            }
                        }
                    }
                },
                "trainer_threads": {
                    "total": 2.7499999998070734e-05,
                    "count": 1,
                    "self": 2.7499999998070734e-05,
                    "children": {
                        "thread_root": {
                            "total": 0.0,
                            "count": 0,
                            "is_parallel": true,
                            "self": 0.0,
                            "children": {
                                "trainer_advance": {
                                    "total": 23.420080800000097,
                                    "count": 1611,