{
    "name": "root",
    "metadata": {
        "timer_format_version": "0.1.0",
        "start_time_seconds": "1612419306",
        "python_version": "3.8.6 (tags/v3.8.6:db45529, Sep 23 2020, 15:52:53) [MSC v.1927 64 bit (AMD64)]",
        "command_line_arguments": "F:\\Unity\\PracticeProject1\\venv\\Scripts\\mlagents-learn --run-id=test4",
        "mlagents_version": "0.23.0",
        "mlagents_envs_version": "0.23.0",
        "communication_protocol_version": "1.3.0",
        "pytorch_version": "1.7.1",
        "numpy_version": "1.18.5",
        "end_time_seconds": "1612419316"
    },
    "total": 10.3169164,
    "count": 1,
    "self": 0.002193499999998849,
    "children": {
        "run_training.setup": {
            "total": 0.006383099999999975,
            "count": 1,
            "self": 0.006383099999999975
        },
        "TrainerController.start_learning": {
            "total": 10.3083398,
            "count": 1,
            "self": 0.01800569999999979,
            "children": {
                "TrainerController._reset_env": {
                    "total": 3.3849685,
                    "count": 1,
                    "self": 3.3849685
                },
                "TrainerController.advance": {
                    "total": 6.834905500000001,
                    "count": 934,
                    "self": 0.006508100000014672,
                    "children": {
                        "env_step": {
                            "total": 6.828397399999987,
                            "count": 934,
                            "self": 5.920708900000003,
                            "children": {
                                "SubprocessEnvManager._take_step": {
                                    "total": 0.8998311999999897,
                                    "count": 934,
                                    "self": 0.029417499999977892,
                                    "children": {
                                        "TorchPolicy.evaluate": {
                                            "total": 0.8704137000000118,
                                            "count": 934,
                                            "self": 0.19841570000002218,
                                            "children": {
                                                "TorchPolicy.sample_actions": {
                                                    "total": 0.6719979999999897,
                                                    "count": 934,
                                                    "self": 0.6719979999999897
                                                }
                                            }
                                        }
                                    }
                                },
                                "workers": {
                                    "total": 0.007857299999994183,
                                    "count": 933,
                                    "self": 0.0,
                                    "children": {
                                        "worker_root": {
                                            "total": 6.829347700000004,
                                            "count": 933,
                                            "is_parallel": true,
                                            "self": 1.4523371999999641,
                                            "children": {
                                                "steps_from_proto": {
                                                    "total": 0.0002761000000002234,
                                                    "count": 1,
                                                    "is_parallel": true,
                                                    "self": 0.000140000000000029,
                                                    "children": {
                                                        "_process_vector_observation": {
                                                            "total": 0.0001361000000001944,
                                                            "count": 2,
                                                            "is_parallel": true,
                                                            "self": 0.0001361000000001944
                                                        }
                                                    }
                                                },
                                                "UnityEnvironment.step": {
                                                    "total": 5.376734400000039,
                                                    "count": 933,
                                                    "is_parallel": true,
                                                    "self": 0.03929750000004795,
                                                    "children": {
                                                        "UnityEnvironment._generate_step_input": {
                                                            "total": 0.08584489999999345,
                                                            "count": 933,
                                                            "is_parallel": true,
                                                            "self": 0.08584489999999345
                                                        },
                                                        "communicator.exchange": {
                                                            "total": 5.119473999999998,
                                                            "count": 933,
                                                            "is_parallel": true,
                                                            "self": 5.119473999999998
                                                        },
                                                        "steps_from_proto": {
                                                            "total": 0.13211800000000018,
                                                            "count": 933,
                                                            "is_parallel": true,
                                                            "self": 0.0759776999999886,
                                                            "children": {
                                                                "_process_vector_observation": {
                                                                    "total": 0.05614030000001158,
                                                                    "count": 1866,
                                                                    "is_parallel": true,
                                                                    "self": 0.05614030000001158
                                                                }
                                                            }
                                                        }
                                                    }
                                                }
                                            }
                                        }
                                    }
                                }
                            }
                        }
                    }
                },
                "trainer_threads": {
                    "total": 1.4600000000086766e-05,
                    "count": 1,
                    "self": 1.4600000000086766e-05,
                    "children": {
                        "thread_root": {
                            "total": 0.0,
                            "count": 0,
                            "is_parallel": true,
                            "self": 0.0,
                            "children": {
                                "trainer_advance": {
                                    "total": 6.847224499999998,
                                    "count": 444,